,vehicle,trips,routes,directions,computed,detected_details
0,9031005920505672,"<StringArray>
['55700000063262824']
Length: 1, dtype: string",['21'],[1],['C4'],"     assigned_berth   timestamp
0                B5  1647929759
5                B5  1647929760
10               B5  1647929761
15               B5  1647929762
20               B5  1647929763
...             ...         ...
1750             B5  1647929999
1760             B5  1647929999
1770             B5  1647930001
1779             B5  1647930001
1788             B5  1647930002

[213 rows x 2 columns]"
1,9031005920505670,"<StringArray>
['55700000064970024', '55700000065104181', <NA>]
Length: 3, dtype: string","['4', '4']","[1, 0]",['A6'],"      assigned_berth   timestamp
19673             D1  1647933640
19682             D1  1647933641
19690             D1  1647933642
19698             D1  1647933642
19706             D1  1647933643
...              ...         ...
20970             A1  1647933792
20975             A1  1647933793
20980             A1  1647933794
20985             A1  1647933795
20990             A1  1647933795

[98 rows x 2 columns]"
2,9031005920505757,"<StringArray>
['55700000065078108', '55700000065023550']
Length: 2, dtype: string","['18', '14']","[1, 1]","['B5', 'A1']","      assigned_berth   timestamp
2                 B5  1647929759
7                 B5  1647929760
12                B5  1647929761
17                B5  1647929762
22                B5  1647929763
13392             A1  1647931790
13403             A1  1647931791
13414             A1  1647931792
13425             A1  1647931793
13435             A1  1647931794
13446             A1  1647931795
13457             A1  1647931796
13469             A1  1647931797
13481             A1  1647931797
13493             A1  1647931799
13504             A1  1647931800
13515             A1  1647931801
13524             A1  1647931802
13533             A1  1647931803
13542             A1  1647931804
13551             A1  1647931805
13560             A1  1647931806
13569             A1  1647931808
13578             A1  1647931809
13587             A1  1647931810
13595             A1  1647931811
13603             A1  1647931811
13611             A1  1647931812
13620             A1  1647931813
13628             A1  1647931814
13637             A1  1647931815
13646             A1  1647931816
13655             A1  1647931817"
3,9031005920505746,"<StringArray>
['55700000063302028']
Length: 1, dtype: string",['11'],[1],['B2'],"     assigned_berth   timestamp
3                B2  1647929758
8                B2  1647929759
13               B2  1647929760
18               B2  1647929761
23               B2  1647929763
...             ...         ...
981              B2  1647929888
991              B2  1647929890
1002             B2  1647929891
1013             B2  1647929892
1024             B2  1647929893

[133 rows x 2 columns]"
4,9031005920505731,"<StringArray>
['55700000063278864', '55700000063282160', <NA>, '55700000065074574']
Length: 4, dtype: string","['15', '15', '20']","[1, 0, 1]","['A1', 'D1']","      assigned_berth   timestamp
4                 A1  1647929758
9                 A1  1647929759
14                A1  1647929761
19                A1  1647929762
24                A1  1647929763
...              ...         ...
19345             D1  1647933602
19357             D1  1647933603
19369             D1  1647933605
19380             D1  1647933606
19391             D1  1647933607

[389 rows x 2 columns]"
5,9031005920505511,"<StringArray>
['55700000065100883']
Length: 1, dtype: string",['5'],[0],['A4'],"    assigned_berth   timestamp
48              A4  1647929769
54              A4  1647929770
60              A4  1647929771
66              A4  1647929772
72              A4  1647929773
..             ...         ...
797             A4  1647929866
806             A4  1647929867
815             A4  1647929868
824             A4  1647929870
833             A4  1647929871

[103 rows x 2 columns]"
6,9031005918308829,"<StringArray>
['55700000063171276', '55700000063168978']
Length: 2, dtype: string","['521', '521']","[0, 1]",['C3'],"     assigned_berth   timestamp
53               C3  1647929770
59               C3  1647929771
65               C3  1647929772
71               C3  1647929773
77               C3  1647929773
...             ...         ...
2143             C1  1647930046
2153             C1  1647930047
2160             C1  1647930049
2167             C1  1647930050
2174             C1  1647930050

[225 rows x 2 columns]"
7,9031005920505507,"<StringArray>
['55700000065109999', '55700000065110231']
Length: 2, dtype: string","['1', '1']","[0, 0]",['A3'],"      assigned_berth   timestamp
24606             A3  1647934711
24614             A3  1647934712
24622             A3  1647934713
24630             A3  1647934715
24638             A3  1647934716
24646             A3  1647934717
24654             A3  1647934720
24661             A3  1647934722
24669             A3  1647934723
24678             A3  1647934724
24687             A3  1647934726
24696             A3  1647934727
24705             A3  1647934729"
8,9031005918308734,"<StringArray>
['55700000063584937', <NA>]
Length: 2, dtype: string",['513'],[0],['C4'],"    assigned_berth   timestamp
283             C5  1647929806
292             C5  1647929807
301             C5  1647929808
310             C5  1647929809
319             C5  1647929810
328             C5  1647929811
337             C5  1647929812
346             C5  1647929813
355             C5  1647929813
364             C5  1647929815
373             C5  1647929815
381             C5  1647929817
389             C5  1647929818
397             C5  1647929819
405             C5  1647929820
413             C5  1647929821
421             C5  1647929822
429             C5  1647929823
437             C5  1647929824
445             C5  1647929824
453             C5  1647929825
461             C5  1647929827
469             C5  1647929828
477             C5  1647929829
485             C5  1647929830
493             C5  1647929831
501             C5  1647929832
510             C5  1647929833
519             C5  1647929833
528             C5  1647929835
537             C5  1647929835"
9,9031005920505506,"<StringArray>
['55700000065015753']
Length: 1, dtype: string",['13'],[0],['B4'],"     assigned_berth   timestamp
764              B4  1647929864
773              B4  1647929864
782              B4  1647929866
791              B4  1647929866
800              B4  1647929867
...             ...         ...
2655             B4  1647930133
2662             B4  1647930134
2669             B4  1647930135
2676             B4  1647930136
2683             B4  1647930138

[136 rows x 2 columns]"
10,9031005920505675,"<StringArray>
['55700000063344737',                <NA>, '55700000063338106',
 '55700000063343993', '55700000063262866']
Length: 5, dtype: string","['3', '3', '3', '21']","[0, 1, 0, 1]","['A5', 'C4']","      assigned_berth   timestamp
574               A5  1647929840
582               A5  1647929841
590               A5  1647929842
598               A5  1647929843
606               A5  1647929843
...              ...         ...
19437             B5  1647933611
19447             B5  1647933612
19457             B5  1647933613
19467             B5  1647933614
19477             B5  1647933614

[611 rows x 2 columns]"
11,9031005918308824,"<StringArray>
['55700000063252214', <NA>]
Length: 2, dtype: string",['30'],[0],['C1'],"     assigned_berth   timestamp
835              C5  1647929873
844              C5  1647929873
853              C5  1647929876
862              C5  1647929877
871              C5  1647929878
907              B6  1647929883
916              B6  1647929883
925              B6  1647929884
935              B6  1647929885
945              B6  1647929886
955              B6  1647929888
965              B6  1647929889
975              B6  1647929889
985              B6  1647929890
996              B6  1647929892
1007             B6  1647929893
1018             B6  1647929894
1029             B6  1647929896
1039             B6  1647929898
1048             B6  1647929899
1057             B6  1647929901
1065             B6  1647929901
1073             B6  1647929902
1082             B6  1647929904
1091             B6  1647929906
1100             B6  1647929907
1108             B6  1647929908
1117             B6  1647929909
1126             B6  1647929911
1135             B6  1647929912
1144             B6  1647929914"
12,9031005920505510,"<StringArray>
['55700000064404731']
Length: 1, dtype: string",['5'],[1],['B3'],"     assigned_berth   timestamp
1518             B3  1647929973
1530             B3  1647929975
1542             B3  1647929976
1553             B3  1647929977
1564             B3  1647929978
1575             B3  1647929979
1586             B3  1647929980
1597             B3  1647929981
1607             B3  1647929984
1617             B3  1647929984
1627             B3  1647929985
1637             B3  1647929986
1647             B3  1647929987
1656             B3  1647929988
1666             B3  1647929990
1676             B3  1647929991
1686             B3  1647929992
1696             B3  1647929992
1706             B3  1647929995
1716             B3  1647929996
1726             B3  1647929996
1736             B3  1647929997
1746             B3  1647929998
1756             B3  1647929999
1766             B3  1647929999"
13,9031005918308830,"<StringArray>
['55700000065164051', <NA>]
Length: 2, dtype: string",['39'],[0],['C1'],"     assigned_berth   timestamp
1115             B6  1647929908
1124             B6  1647929909
1133             B6  1647929910
1142             B6  1647929911
1151             B6  1647929913
1159             B6  1647929915
1168             B6  1647929916
1177             B6  1647929918
1186             B6  1647929920
1196             B6  1647929922
1206             B6  1647929924
1217             B6  1647929925
1228             B6  1647929926
1237             B6  1647929928
1246             B6  1647929929
1255             B6  1647929931
1264             B6  1647929934
1273             B6  1647929935
1282             B6  1647929936"
14,9031005920505516,"<StringArray>
['55700000065105447', '55700000065074528', '55700000063338190']
Length: 3, dtype: string","['4', '20', '3']","[0, 1, 1]","['A6', 'D1', 'A5']","      assigned_berth   timestamp
1166              D1  1647929916
1175              D1  1647929918
1184              D1  1647929920
1193              D1  1647929922
1203              D1  1647929924
...              ...         ...
15784             A1  1647933125
15789             A1  1647933125
15794             A1  1647933127
15799             A1  1647933127
15804             A1  1647933129

[258 rows x 2 columns]"
15,9031005920505743,"<StringArray>
[<NA>, '55700000063663528', '55700000063666710', '55700000065077341']
Length: 4, dtype: string","['6', '6', '18']","[1, 0, 1]","['E1', 'B5']","      assigned_berth   timestamp
1320              A4  1647929944
1329              A4  1647929946
1338              A4  1647929948
1347              A4  1647929950
1356              A4  1647929951
...              ...         ...
23886             B5  1647934195
23895             B5  1647934196
23904             B5  1647934196
23912             B5  1647934197
23920             B5  1647934198

[515 rows x 2 columns]"
16,9031005920505667,"<StringArray>
['55700000065079709', '55700000063262280']
Length: 2, dtype: string","['18', '23']","[0, 1]","['B5', 'D1']","     assigned_berth   timestamp
2379             A4  1647930092
2385             A4  1647930092
2391             A4  1647930093
2397             A4  1647930094
2403             A4  1647930095
...             ...         ...
4271             D1  1647930325
4275             D1  1647930325
4279             D1  1647930326
4283             D1  1647930327
4288             D1  1647930328

[157 rows x 2 columns]"
17,9031005920505736,"<StringArray>
['55700000063666595', <NA>, '55700000063278888', '55700000063262880']
Length: 4, dtype: string","['6', '15', '21']","[0, 1, 1]","['E1', 'A1', 'C4']","      assigned_berth   timestamp
2233              A1  1647930063
2239              A1  1647930064
2245              A1  1647930065
2252              A1  1647930066
2259              A1  1647930067
...              ...         ...
24674             C4  1647934723
24683             C4  1647934724
24692             C4  1647934726
24701             C4  1647934727
24710             C4  1647934728

[321 rows x 2 columns]"
18,9031005920505758,"<StringArray>
['55700000063309748', '55700000063306121', <NA>]
Length: 3, dtype: string","['10', '10']","[0, 1]","['B1', 'E2']","      assigned_berth   timestamp
2541              B1  1647930117
2548              B1  1647930118
2555              B1  1647930119
2562              B1  1647930120
2569              B1  1647930120
...              ...         ...
21686             E2  1647933895
21693             E2  1647933896
21700             E2  1647933898
21706             E2  1647933899
21712             E2  1647933899

[379 rows x 2 columns]"
19,9031005920505668,"<StringArray>
['55700000065087063']
Length: 1, dtype: string",['13'],[1],['B2'],"     assigned_berth   timestamp
2606             B2  1647930127
2613             B2  1647930128
2620             B2  1647930129
2627             B2  1647930129
2634             B2  1647930131
...             ...         ...
4102             B2  1647930296
4112             B2  1647930296
4122             B2  1647930298
4132             B2  1647930299
4141             B2  1647930300

[174 rows x 2 columns]"
20,9031005920505735,"<StringArray>
['55700000065084373']
Length: 1, dtype: string",['14'],[0],['B5'],"     assigned_berth   timestamp
2648             B5  1647930133
2656             B5  1647930134
2663             B5  1647930135
2670             B5  1647930136
2677             B5  1647930137
...             ...         ...
4089             B5  1647930295
4099             B5  1647930297
4109             B5  1647930297
4119             B5  1647930298
4129             B5  1647930299

[167 rows x 2 columns]"
21,9031005918308742,"<StringArray>
['55700000063131444', <NA>, '55700000063166998']
Length: 3, dtype: string","['617', '522']","[0, 0]","['C2', 'C3']","      assigned_berth   timestamp
2739              C4  1647930147
2746              C4  1647930148
2753              C4  1647930148
2760              C4  1647930149
2767              C4  1647930150
2775              C4  1647930152
2783              C4  1647930153
2791              C4  1647930154
2799              C4  1647930155
2806              C4  1647930156
2814              C4  1647930157
2822              C4  1647930158
2830              C4  1647930158
2839              C4  1647930160
2847              C4  1647930160
2855              C4  1647930162
2863              C4  1647930163
2871              C4  1647930164
2879              C4  1647930165
2887              C4  1647930165
2895              C4  1647930167
2903              C4  1647930168
2911              C4  1647930170
2919              C4  1647930170
2927              C4  1647930171
2935              C4  1647930172
20560             C3  1647933736
20567             C3  1647933737
20573             C3  1647933738
20580             C3  1647933739
20587             C3  1647933740
20594             C3  1647933741
20601             C3  1647933741
20608             C3  1647933743
20615             C3  1647933744
20622             C3  1647933745
20630             C3  1647933746
20639             C3  1647933747
20648             C3  1647933748
20657             C3  1647933749
20666             C3  1647933750
20676             C3  1647933751
20686             C3  1647933751
20696             C3  1647933753
20705             C3  1647933754
20714             C3  1647933755
20723             C3  1647933756
20732             C3  1647933757
20741             C3  1647933758
20750             C3  1647933759
20759             C3  1647933760
20768             C3  1647933760
20777             C3  1647933761
20786             C3  1647933763
20795             C3  1647933764"
22,9031005920505649,"<StringArray>
['55700000064428320', '55700000065110144']
Length: 2, dtype: string","['1', '1']","[1, 0]","['A2', 'A3']","      assigned_berth   timestamp
2837              A2  1647930160
2845              A2  1647930160
2853              A2  1647930162
2861              A2  1647930163
2869              A2  1647930164
...              ...         ...
15725             A3  1647933117
15734             A3  1647933119
15742             A3  1647933119
15750             A3  1647933120
15758             A3  1647933121

[168 rows x 2 columns]"
23,9031005920505751,"<StringArray>
['55700000063307437']
Length: 1, dtype: string",['10'],[1],['E2'],"     assigned_berth   timestamp
3212             A5  1647930211
3222             A5  1647930213
3232             A5  1647930214
3242             A5  1647930215
3252             A5  1647930216
3262             A5  1647930217
3272             A5  1647930218
3282             A5  1647930219
3292             A5  1647930220
3302             A5  1647930221
3312             A5  1647930221
3322             A5  1647930223
3332             A5  1647930223
3342             A5  1647930224
3352             A5  1647930226
3362             A5  1647930227
3373             A5  1647930228
3385             A5  1647930229
3397             A5  1647930229
4026             E2  1647930289
4037             E2  1647930290
4047             E2  1647930291
4057             E2  1647930292
4067             E2  1647930293
4077             E2  1647930293
4087             E2  1647930294
4097             E2  1647930296
4107             E2  1647930296
4117             E2  1647930298
4127             E2  1647930299
4137             E2  1647930300
4146             E2  1647930301
4154             E2  1647930302
4161             E2  1647930303
4168             E2  1647930303
4175             E2  1647930305
4182             E2  1647930305
4189             E2  1647930306
4196             E2  1647930308
4201             E2  1647930309
4206             E2  1647930310
4211             E2  1647930311
4216             E2  1647930312
4221             E2  1647930313
4226             E2  1647930313
4231             E2  1647930314
4236             E2  1647930315
4241             E2  1647930317
4246             E2  1647930318"
24,9031005920505676,"<StringArray>
['55700000065091846', '55700000065090042', '55700000065091702',
 '55700000064969832']
Length: 4, dtype: string","['12', '12', '12', '4']","[0, 1, 0, 1]","['B6', 'A6']","      assigned_berth   timestamp
3372              B6  1647930227
3384              B6  1647930228
3396              B6  1647930230
3408              B6  1647930230
3419              B6  1647930232
...              ...         ...
19067             A6  1647933579
19079             A6  1647933580
19090             A6  1647933581
19102             A6  1647933582
19114             A6  1647933583

[89 rows x 2 columns]"
25,9031005920505503,"<StringArray>
['55700000065110028', '55700000064403235']
Length: 2, dtype: string","['1', '5']","[0, 1]","['A3', 'B3']","      assigned_berth   timestamp
3431              A3  1647930232
3443              A3  1647930233
3455              A3  1647930234
3467              A3  1647930236
3479              A3  1647930237
...              ...         ...
18177             B3  1647933497
18186             B3  1647933497
18195             B3  1647933498
18204             B3  1647933499
18213             B3  1647933500

[587 rows x 2 columns]"
26,9031005920505696,"<StringArray>
['55700000065008705', '55700000064499458']
Length: 2, dtype: string","['16', '16']","[0, 1]","['C5', 'C4']","     assigned_berth   timestamp
3783             B6  1647930263
3792             B6  1647930264
3801             B6  1647930264
3810             B6  1647930265
3819             B6  1647930266
3828             B6  1647930267
3837             B6  1647930267
3846             B6  1647930269
3855             B6  1647930270
3864             B6  1647930272
3873             B6  1647930273
3882             B6  1647930274
3891             B6  1647930274
3900             B6  1647930275
3909             B6  1647930276
3918             B6  1647930277
3927             B6  1647930278
3936             B6  1647930279
3945             B6  1647930280
3954             B6  1647930281
3963             B6  1647930283
3972             B6  1647930283
3981             B6  1647930285
3990             B6  1647930285
3999             B6  1647930286
4008             B6  1647930287
4018             B6  1647930288
4029             B6  1647930289
4040             B6  1647930290
4050             B6  1647930292
4060             B6  1647930293
4070             B6  1647930294
4080             B6  1647930294
4090             B6  1647930295
4100             B6  1647930297
4110             B6  1647930297
4120             B6  1647930298
4130             B6  1647930299
4139             B6  1647930300
4148             B6  1647930301"
27,9031005920505687,"<StringArray>
[<NA>, '55700000064973627', '55700000065109129', '55700000064495601']
Length: 4, dtype: string","['2', '2', '17']","[1, 0, 1]","['A6', 'C5']","      assigned_berth   timestamp
4937              E2  1647930468
4943              E2  1647930468
4950              E2  1647930469
4957              E2  1647930470
4964              E2  1647930471
...              ...         ...
20538             C5  1647933731
20544             C5  1647933733
20550             C5  1647933734
20556             C5  1647933735
20563             C5  1647933736

[374 rows x 2 columns]"
28,9031005920505502,"<StringArray>
['55700000064404765', '55700000065096797']
Length: 2, dtype: string","['5', '5']","[1, 0]","['B3', 'A4']","     assigned_berth   timestamp
4896             B3  1647930459
4901             B3  1647930460
4906             B3  1647930461
4911             B3  1647930462
4916             B3  1647930463
4921             B3  1647930464
4926             B3  1647930464
4931             B3  1647930465"
29,9031005918308718,"<StringArray>
['55700000063149955', <NA>, '55700000063165559']
Length: 3, dtype: string","['566', '522']","[0, 1]","['C1', 'C3']","     assigned_berth   timestamp
4443             C3  1647930360
4448             C3  1647930362
4453             C3  1647930363
4458             C3  1647930364
4463             C3  1647930364
...             ...         ...
6883             C3  1647930750
6891             C3  1647930751
6899             C3  1647930752
6907             C3  1647930754
6915             C3  1647930755

[395 rows x 2 columns]"
30,9031005918308733,"<StringArray>
['55700000065021810', <NA>, '55700000065047308']
Length: 3, dtype: string","['539', '520']","[0, 1]","['C1', 'C2']","     assigned_berth   timestamp
4825             C2  1647930444
4829             C2  1647930445
4833             C2  1647930446
4837             C2  1647930447
4841             C2  1647930447
...             ...         ...
6881             C2  1647930750
6889             C2  1647930751
6897             C2  1647930753
6905             C2  1647930754
6913             C2  1647930755

[312 rows x 2 columns]"
31,9031005920505517,"<StringArray>
['55700000065100918', '55700000064428058']
Length: 2, dtype: string","['5', '1']","[0, 1]","['A4', 'A2']","      assigned_berth   timestamp
4945              A4  1647930469
4952              A4  1647930471
4959              A4  1647930472
4966              A4  1647930473
4973              A4  1647930474
...              ...         ...
16065             A2  1647933213
16068             A2  1647933214
16071             A2  1647933214
16074             A2  1647933215
16077             A2  1647933216

[161 rows x 2 columns]"
32,9031005920505659,"<StringArray>
[<NA>, '55700000063338127', '55700000063344761', '55700000065090138']
Length: 4, dtype: string","['3', '3', '12']","[1, 0, 1]","['A5', 'B6']","      assigned_berth   timestamp
5069              A5  1647930490
5074              A5  1647930490
5079              A5  1647930491
5084              A5  1647930493
5089              A5  1647930493
...              ...         ...
22081             B6  1647933993
22088             B6  1647933997
22095             B6  1647933998
22103             B6  1647933999
22111             B6  1647934000

[295 rows x 2 columns]"
33,9031005920505504,"<StringArray>
['55700000065023515', '55700000065008810']
Length: 2, dtype: string","['14', '16']","[1, 0]","['A1', 'C5']","      assigned_berth   timestamp
5116              A1  1647930500
5121              A1  1647930501
5127              A1  1647930502
5133              A1  1647930503
5139              A1  1647930503
...              ...         ...
23888             C5  1647934193
23897             C5  1647934195
23906             C5  1647934195
23914             C5  1647934196
23922             C5  1647934197

[294 rows x 2 columns]"
34,9031005920505754,"<StringArray>
['55700000063305482', '55700000063302048', '55700000063305542',
 '55700000063302108']
Length: 4, dtype: string","['11', '11', '11', '11']","[0, 1, 0, 1]",['B2'],"      assigned_berth   timestamp
5122              B2  1647930501
5128              B2  1647930502
5134              B2  1647930503
5140              B2  1647930503
5146              B2  1647930504
...              ...         ...
18044             B2  1647933481
18054             B2  1647933482
18064             B2  1647933483
18074             B2  1647933484
18084             B2  1647933484

[526 rows x 2 columns]"
35,9031005920505699,"<StringArray>
['55700000063343849', <NA>, '55700000064969736']
Length: 3, dtype: string","['3', '4']","[0, 1]","['A5', 'A6']","     assigned_berth   timestamp
5942             D1  1647930625
5948             D1  1647930625
5954             D1  1647930626
5960             D1  1647930627
5966             D1  1647930628
5972             D1  1647930629
5978             D1  1647930630
5985             D1  1647930631
5992             D1  1647930632
5999             D1  1647930634
6006             D1  1647930635
6013             D1  1647930636
6020             D1  1647930636
6027             D1  1647930638
6034             D1  1647930638
6041             D1  1647930639
6048             D1  1647930640
6055             D1  1647930641
6062             D1  1647930642
6069             D1  1647930643
6076             D1  1647930645
6083             D1  1647930646
6090             D1  1647930647
6097             D1  1647930647
6104             D1  1647930648
6111             D1  1647930649
6118             D1  1647930650
6350             A6  1647930679
6357             A6  1647930680
6364             A6  1647930681
6371             A6  1647930682
6378             A6  1647930684
6385             A6  1647930685
6392             A6  1647930685
6399             A6  1647930686"
36,9031005918308644,"<StringArray>
['55700000063166966', <NA>, '55700000063168565']
Length: 3, dtype: string","['522', '521']","[0, 1]",['C3'],"      assigned_berth   timestamp
6170              C4  1647930658
6179              C4  1647930659
6188              C4  1647930660
6196              C4  1647930661
6205              C4  1647930663
...              ...         ...
13549             C3  1647931805
13558             C3  1647931806
13567             C3  1647931807
13576             C3  1647931808
13585             C3  1647931809

[109 rows x 2 columns]"
37,9031005920505655,"<StringArray>
[<NA>, '55700000064971921']
Length: 2, dtype: string",['2'],[1],['A6'],"      assigned_berth   timestamp
6199              A3  1647930662
6208              A3  1647930663
6218              A3  1647930664
6228              A3  1647930665
6237              A3  1647930665
...              ...         ...
23128             B2  1647934112
23140             B2  1647934113
23152             B2  1647934113
23164             B2  1647934114
23177             B2  1647934116

[207 rows x 2 columns]"
38,9031005920505734,"<StringArray>
['55700000063666618', '55700000065077299', '55700000065022599']
Length: 3, dtype: string","['6', '18', '14']","[0, 1, 1]","['E1', 'B5', 'A1']","      assigned_berth   timestamp
6676              B5  1647930726
6684              B5  1647930727
6692              B5  1647930728
6700              B5  1647930730
6708              B5  1647930731
...              ...         ...
16496             A1  1647933312
16504             A1  1647933314
16512             A1  1647933314
16520             A1  1647933316
16528             A1  1647933316

[200 rows x 2 columns]"
39,9031005920505653,"<StringArray>
['55700000064499773', '55700000065081854']
Length: 2, dtype: string","['16', '14']","[1, 0]","['C4', 'B5']","     assigned_berth   timestamp
6716             C4  1647930732
6726             C4  1647930733
6736             C4  1647930733
6746             C4  1647930734
6756             C4  1647930735
6766             C4  1647930736
6776             C4  1647930737
6786             C4  1647930738
6795             C4  1647930740
6804             C4  1647930741
6814             C4  1647930742
6824             C4  1647930742
6834             C4  1647930743
6844             C4  1647930744
6853             C4  1647930745
6861             C4  1647930747
6869             C4  1647930748
6877             C4  1647930748
6885             C4  1647930749
6893             C4  1647930750
6901             C4  1647930751
6909             C4  1647930752
6917             C4  1647930753"
40,9031005920505673,"<StringArray>
['55700000064428175', '55700000065110173']
Length: 2, dtype: string","['1', '1']","[1, 0]","['A2', 'A3']","      assigned_berth   timestamp
6810              A2  1647930742
6820              A2  1647930742
6830              A2  1647930743
6840              A2  1647930745
6849              A2  1647930746
...              ...         ...
21635             E2  1647933888
21642             E2  1647933890
21649             E2  1647933891
21656             E2  1647933892
21663             E2  1647933892

[391 rows x 2 columns]"
41,9031005920505739,"<StringArray>
['55700000063663551', '55700000063663643']
Length: 2, dtype: string","['6', '6']","[1, 1]",['E1'],"      assigned_berth   timestamp
23927             E1  1647934594
23933             E1  1647934595
23940             E1  1647934596
23947             E1  1647934597
23954             E1  1647934598
...              ...         ...
24436             E1  1647934678
24441             E1  1647934680
24446             E1  1647934681
24451             E1  1647934682
24456             E1  1647934683

[89 rows x 2 columns]"
42,9031005920505741,"<StringArray>
['55700000063262838']
Length: 1, dtype: string",['21'],[1],['C4'],"     assigned_berth   timestamp
7251             B5  1647931086
7261             B5  1647931086
7271             B5  1647931087
7281             B5  1647931088
7290             B5  1647931090
7305             B5  1647931092
7313             B5  1647931093
7376             B5  1647931101
7385             B5  1647931102
7392             B5  1647931103
7399             B5  1647931104
7406             B5  1647931105
7431             B5  1647931108
7450             B5  1647931112
7456             B5  1647931113
7463             B5  1647931114
7470             B5  1647931114
7477             B5  1647931115
7569             C4  1647931127
7578             C4  1647931128
7587             C4  1647931129
7597             C4  1647931131
7607             C4  1647931132
7617             C4  1647931133"
43,9031005920505756,"<StringArray>
['55700000063309784', '55700000063308577']
Length: 2, dtype: string","['10', '10']","[0, 1]","['B1', 'E2']","      assigned_berth   timestamp
6941              B1  1647931047
6947              B1  1647931048
6953              B1  1647931049
6959              B1  1647931050
6964              B1  1647931051
...              ...         ...
24673             E2  1647934723
24682             E2  1647934724
24691             E2  1647934726
24700             E2  1647934727
24709             E2  1647934728

[243 rows x 2 columns]"
44,9031005920505677,"<StringArray>
['55700000065015785', '55700000065085501']
Length: 2, dtype: string","['13', '13']","[0, 1]","['B4', 'B2']","Empty DataFrame
Columns: [assigned_berth, timestamp]
Index: []"
45,9031005920505732,"<StringArray>
['55700000065074344']
Length: 1, dtype: string",['20'],[1],['D1'],"Empty DataFrame
Columns: [assigned_berth, timestamp]
Index: []"
46,9031005918308832,"<StringArray>
['55700000063171212', <NA>, '55700000063261246']
Length: 3, dtype: string","['521', '243']","[0, 1]","['C3', 'B4']","      assigned_berth   timestamp
7086              C3  1647931068
7095              C3  1647931069
7105              C3  1647931071
7115              C3  1647931072
7125              C3  1647931073
...              ...         ...
13040             B4  1647931742
13050             B4  1647931742
13059             B4  1647931744
13069             B4  1647931744
13079             B4  1647931745

[496 rows x 2 columns]"
47,9031005918308726,"<StringArray>
['55700000065462679', <NA>]
Length: 2, dtype: string",['540'],[0],['C1'],"     assigned_berth   timestamp
7102             C5  1647931071
7112             C5  1647931073
7122             C5  1647931074
7132             C5  1647931074
7142             C5  1647931076
7152             C5  1647931076
7163             C5  1647931077
7174             C5  1647931078
7185             C5  1647931079
7196             C5  1647931080
7207             C5  1647931082
7217             C5  1647931083
7227             C5  1647931084
7237             C5  1647931084
7247             C5  1647931086
7257             C5  1647931086
7267             C5  1647931087
7277             C5  1647931088
7286             C5  1647931089
7294             C5  1647931090
7301             C5  1647931092
7309             C5  1647931093
7317             C5  1647931094"
48,9031005920505654,"<StringArray>
['55700000063343873', '55700000065090066', '55700000065090162']
Length: 3, dtype: string","['3', '12', '12']","[0, 1, 1]","['A5', 'B6']","      assigned_berth   timestamp
7160              B6  1647931076
7171              B6  1647931077
7182              B6  1647931078
7193              B6  1647931079
7204              B6  1647931080
...              ...         ...
24668             B6  1647934723
24677             B6  1647934724
24686             B6  1647934726
24695             B6  1647934727
24704             B6  1647934728

[276 rows x 2 columns]"
49,9031005918308719,"<StringArray>
['55700000065462745', <NA>, '55700000063261154']
Length: 3, dtype: string","['540', '240']","[0, 1]","['C1', 'B6']","     assigned_berth   timestamp
7715             B3  1647931144
7723             B3  1647931144
7738             B3  1647931147
7746             B3  1647931148
7753             B3  1647931149
...             ...         ...
8922             B6  1647931323
8930             B6  1647931324
8938             B6  1647931325
8946             B6  1647931326
8954             B6  1647931327

[72 rows x 2 columns]"
50,9031005920505650,"<StringArray>
['55700000065085408', '55700000065015881']
Length: 2, dtype: string","['13', '13']","[1, 0]","['B2', 'B4']","      assigned_berth   timestamp
7596              B2  1647931130
7606              B2  1647931131
7616              B2  1647931132
7626              B2  1647931133
7636              B2  1647931134
...              ...         ...
20417             B4  1647933709
20423             B4  1647933709
20429             B4  1647933711
20435             B4  1647933712
20441             B4  1647933712

[395 rows x 2 columns]"
51,9031005920505662,"<StringArray>
['55700000065109069', '55700000064969760']
Length: 2, dtype: string","['2', '4']","[0, 1]",['A6'],"      assigned_berth   timestamp
7788              A6  1647931154
7796              A6  1647931154
7804              A6  1647931155
7812              A6  1647931156
7820              A6  1647931157
...              ...         ...
10786             A6  1647931531
10798             A6  1647931532
10810             A6  1647931533
10822             A6  1647931533
10834             A6  1647931534

[382 rows x 2 columns]"
52,9031005920505747,"<StringArray>
['55700000065079729', <NA>, '55700000063663574']
Length: 3, dtype: string","['18', '6']","[0, 1]","['B5', 'E1']","      assigned_berth   timestamp
7944              A5  1647931170
7955              A5  1647931171
7966              A5  1647931173
7977              A5  1647931174
7988              A5  1647931174
...              ...         ...
15170             E2  1647931978
15180             E2  1647931980
15190             E2  1647931981
15200             E2  1647931982
15210             E2  1647931983

[756 rows x 2 columns]"
53,9031005920505688,"<StringArray>
['55700000063305502', <NA>, '55700000063302068', '55700000063305562']
Length: 4, dtype: string","['11', '11', '11']","[0, 1, 0]",['B2'],"      assigned_berth   timestamp
8012              B3  1647931176
8023              B3  1647931177
8033              B3  1647931178
8044              B3  1647931179
8055              B3  1647931179
...              ...         ...
23881             A1  1647934193
23890             A1  1647934194
23899             A1  1647934195
23908             A1  1647934195
23916             A1  1647934196

[746 rows x 2 columns]"
54,9031005920505681,"<StringArray>
['55700000065091870', '55700000064495543']
Length: 2, dtype: string","['12', '17']","[0, 1]","['B6', 'C5']","     assigned_berth   timestamp
8488             C5  1647931238
8493             C5  1647931239
8498             C5  1647931240
8503             C5  1647931241
8508             C5  1647931242
8512             C5  1647931242
8516             C5  1647931244
8520             C5  1647931244
8524             C5  1647931245
8528             C5  1647931247
8532             C5  1647931248
8536             C5  1647931249
8540             C5  1647931250
8544             C5  1647931251
8548             C5  1647931252
8552             C5  1647931252
8556             C5  1647931253
8560             C5  1647931254
8564             C5  1647931256
8568             C5  1647931257
8572             C5  1647931258
8576             C5  1647931259
8581             C5  1647931260
8586             C5  1647931261
8591             C5  1647931262
8596             C5  1647931262
8601             C5  1647931264
8607             C5  1647931264
8613             C5  1647931266
8619             C5  1647931267
8625             C5  1647931268
8631             C5  1647931269"
55,9031005920505656,"<StringArray>
['55700000065110057', '55700000064428145']
Length: 2, dtype: string","['1', '1']","[0, 1]","['A3', 'A2']","      assigned_berth   timestamp
8577              A3  1647931259
8582              A3  1647931260
8587              A3  1647931261
8592              A3  1647931262
8597              A3  1647931262
...              ...         ...
16621             A2  1647933327
16631             A2  1647933328
16641             A2  1647933329
16651             A2  1647933330
16661             A2  1647933332

[75 rows x 2 columns]"
56,9031005920505755,"<StringArray>
['55700000063308469', '55700000063309934']
Length: 2, dtype: string","['10', '10']","[1, 0]","['E2', 'B1']","      assigned_berth   timestamp
8703              E2  1647931283
8709              E2  1647931284
8715              E2  1647931285
8721              E2  1647931286
8727              E2  1647931287
...              ...         ...
23887             B1  1647934194
23896             B1  1647934195
23905             B1  1647934195
23913             B1  1647934196
23921             B1  1647934197

[183 rows x 2 columns]"
57,9031005917108316,"<StringArray>
['55700000065156861', <NA>, '55700000063130514']
Length: 3, dtype: string","['65', '620']","[0, 1]","['C1', 'C2']","      assigned_berth   timestamp
8929              C1  1647931325
8937              C1  1647931327
8945              C1  1647931328
8953              C1  1647931329
8961              C1  1647931330
8968              C1  1647931330
8975              C1  1647931331
8982              C1  1647931332
8989              C1  1647931333
8997              C1  1647931334
9005              C1  1647931335
9012              C1  1647931337
9019              C1  1647931338
9027              C1  1647931339
9035              C1  1647931340
9043              C1  1647931340
9051              C1  1647931341
9059              C1  1647931343
9067              C1  1647931343
9075              C1  1647931344
9084              C1  1647931345
9094              C1  1647931346
9104              C1  1647931347
15112             C2  1647931976
15123             C2  1647931977
15134             C2  1647931978
15144             C2  1647931978
15154             C2  1647931980
15164             C2  1647931980
15174             C2  1647931981
15184             C2  1647931982
15194             C2  1647931983
15204             C2  1647931984
15214             C2  1647931986
15223             C2  1647931987
15232             C2  1647931988
15241             C2  1647931989
15250             C2  1647931990
15259             C2  1647931990
15268             C2  1647931991
15277             C2  1647931992
15286             C2  1647931993
15295             C2  1647931994
15304             C2  1647931995
15315             C2  1647931996
15325             C2  1647931997
15334             C2  1647931999
15344             C2  1647931999
15354             C2  1647932001
15364             C2  1647932001
15374             C2  1647932003
15384             C2  1647932003
15394             C2  1647932004"
58,9031005918308724,"<StringArray>
[<NA>, '55700000063231325']
Length: 2, dtype: string",['39'],[1],['C1'],"      assigned_berth   timestamp
9231              C1  1647931362
9242              C1  1647931363
9252              C1  1647931364
9262              C1  1647931365
9272              C1  1647931367
...              ...         ...
13460             C1  1647931797
13472             C1  1647931798
13484             C1  1647931798
13495             C1  1647931800
13506             C1  1647931801

[426 rows x 2 columns]"
59,9031005918308845,"<StringArray>
['55700000063130815', <NA>]
Length: 2, dtype: string",['620'],[0],['C2'],"     assigned_berth   timestamp
9022             C5  1647931338
9030             C5  1647931339
9038             C5  1647931340
9046             C5  1647931340
9054             C5  1647931341
9062             C5  1647931343
9070             C5  1647931343
9078             C5  1647931344
9087             C5  1647931345
9097             C5  1647931346
9107             C5  1647931347
9116             C5  1647931348
9124             C5  1647931350
9132             C5  1647931351
9140             C5  1647931352
9148             C5  1647931352
9156             C5  1647931353
9164             C5  1647931354
9172             C5  1647931355
9180             C5  1647931356
9188             C5  1647931358
9196             C5  1647931359
9204             C5  1647931360
9213             C5  1647931361
9222             C5  1647931361
9232             C5  1647931362"
60,9031005920505501,"<StringArray>
['55700000065096692', '55700000064403269']
Length: 2, dtype: string","['5', '5']","[0, 1]","['A4', 'B3']","      assigned_berth   timestamp
9081              A4  1647931343
9090              A4  1647931344
9100              A4  1647931345
9110              A4  1647931346
9119              A4  1647931347
...              ...         ...
23474             B3  1647934144
23484             B3  1647934144
23494             B3  1647934145
23504             B3  1647934146
23514             B3  1647934147

[72 rows x 2 columns]"
61,9031005920505652,"<StringArray>
['55700000065104109', <NA>, '55700000063344809', '55700000064495630']
Length: 4, dtype: string","['4', '3', '17']","[0, 0, 1]","['A6', 'A5', 'C5']","      assigned_berth   timestamp
9093              D1  1647931345
9103              D1  1647931346
9113              D1  1647931347
9122              D1  1647931348
9130              D1  1647931349
...              ...         ...
24672             C5  1647934723
24681             C5  1647934724
24690             C5  1647934726
24699             C5  1647934727
24708             C5  1647934728

[365 rows x 2 columns]"
62,9031005920505666,"<StringArray>
['55700000064428204', '55700000065110202']
Length: 2, dtype: string","['1', '1']","[1, 0]","['A2', 'A3']","      assigned_berth   timestamp
9239              A2  1647931362
9249              A2  1647931363
9259              A2  1647931364
9269              A2  1647931365
9279              A2  1647931366
...              ...         ...
23867             A3  1647934192
23875             A3  1647934193
23883             A3  1647934194
23892             A3  1647934195
23901             A3  1647934195

[185 rows x 2 columns]"
63,9031005920505508,"<StringArray>
['55700000064403133', '55700000065100953']
Length: 2, dtype: string","['5', '5']","[1, 0]","['B3', 'A4']","      assigned_berth   timestamp
10040             B3  1647931457
10049             B3  1647931457
10058             B3  1647931458
10067             B3  1647931460
10076             B3  1647931461
...              ...         ...
23818             A4  1647934185
23826             A4  1647934186
23834             A4  1647934188
23842             A4  1647934188
23850             A4  1647934189

[256 rows x 2 columns]"
64,9031005920505698,"<StringArray>
['55700000064498096', '55700000063338148']
Length: 2, dtype: string","['17', '3']","[0, 1]","['C5', 'A5']","      assigned_berth   timestamp
9813              A5  1647931432
9821              A5  1647931432
9829              A5  1647931433
9837              A5  1647931434
9846              A5  1647931436
...              ...         ...
11764             A5  1647931620
11776             A5  1647931621
11789             A5  1647931622
11802             A5  1647931622
11814             A5  1647931623

[192 rows x 2 columns]"
65,9031005917108322,"<StringArray>
['55700000063172442', <NA>, '55700000063261167']
Length: 3, dtype: string","['520', '240']","[0, 1]","['C2', 'B6']","      assigned_berth   timestamp
9840              B6  1647931435
9849              B6  1647931437
9858              B6  1647931438
9867              B6  1647931439
9876              B6  1647931440
...              ...         ...
13461             B6  1647931797
13473             B6  1647931798
13485             B6  1647931798
13496             B6  1647931800
13507             B6  1647931801

[354 rows x 2 columns]"
66,9031005917108310,"<StringArray>
['55700000064817521', <NA>, '55700000064955572']
Length: 3, dtype: string","['555', '555']","[0, 1]",['C1'],"      assigned_berth   timestamp
10362             C5  1647931492
10373             C5  1647931493
10384             C5  1647931495
10395             C5  1647931496
10406             C5  1647931497
10417             C5  1647931498
10428             C5  1647931499
10439             C5  1647931500
10450             C5  1647931501
10461             C5  1647931501
10471             C5  1647931502
10481             C5  1647931503
10491             C5  1647931504
10501             C5  1647931506
10511             C5  1647931507
10522             C5  1647931508
10533             C5  1647931509
10544             C5  1647931510
10555             C5  1647931511
10566             C5  1647931511
10577             C5  1647931512
10588             C5  1647931513
10599             C5  1647931515
10610             C5  1647931516
10621             C5  1647931517
10632             C5  1647931518"
67,9031005918308611,"<StringArray>
['55700000063252143', <NA>]
Length: 2, dtype: string",['30'],[0],['C1'],"      assigned_berth   timestamp
10520             C2  1647931509
10531             C2  1647931510
10542             C2  1647931511
10553             C2  1647931512
10564             C2  1647931512
10575             C2  1647931513
10586             C2  1647931514
10597             C2  1647931515
10608             C2  1647931517
10619             C2  1647931518
10630             C2  1647931519
10641             C2  1647931520
10651             C2  1647931520
10661             C2  1647931522
10672             C2  1647931523
10683             C2  1647931523
10694             C2  1647931524
10705             C2  1647931525
10717             C2  1647931526
10729             C2  1647931526
10742             C2  1647931529
10754             C2  1647931530
10766             C2  1647931531
10778             C2  1647931532
10790             C2  1647931533
10802             C2  1647931534
10814             C2  1647931534
10826             C2  1647931535
10838             C2  1647931537
10849             C2  1647931538
10860             C2  1647931539
10871             C2  1647931540
10882             C2  1647931541
10893             C2  1647931542
10904             C2  1647931543
10915             C2  1647931543
10926             C2  1647931545
10937             C2  1647931546
10948             C2  1647931547
10959             C2  1647931548
10970             C2  1647931550
10981             C2  1647931551
10992             C2  1647931552
11002             C2  1647931553
11012             C2  1647931554
11022             C2  1647931555
11032             C2  1647931556
11042             C2  1647931556
11052             C2  1647931557
11062             C2  1647931558
11072             C2  1647931559
11082             C2  1647931561
11092             C2  1647931562
11102             C2  1647931563
11113             C2  1647931564
11125             C2  1647931565
11137             C2  1647931565
11149             C2  1647931566"
68,9031005920505745,"<StringArray>
['55700000063666641', '55700000063262294']
Length: 2, dtype: string","['6', '23']","[0, 1]","['E1', 'D1']","      assigned_berth   timestamp
10736             D1  1647931527
10748             D1  1647931528
10760             D1  1647931529
10772             D1  1647931530
10784             D1  1647931531
...              ...         ...
15360             D1  1647932000
15370             D1  1647932000
15380             D1  1647932002
15390             D1  1647932002
15400             D1  1647932003

[181 rows x 2 columns]"
69,9031005918308625,"<StringArray>
['55700000063167378', <NA>]
Length: 2, dtype: string",['522'],[0],['C3'],"      assigned_berth   timestamp
10732             C3  1647931528
10745             C3  1647931529
10757             C3  1647931530
10769             C3  1647931531
10781             C3  1647931532
10793             C3  1647931533
10805             C3  1647931534
10817             C3  1647931534
10829             C3  1647931535
10841             C3  1647931536
10852             C3  1647931538
10863             C3  1647931539
10874             C3  1647931540
10885             C3  1647931541
10896             C3  1647931542
10907             C3  1647931543
10918             C3  1647931543
10929             C3  1647931545
10940             C3  1647931546
10951             C3  1647931547
10962             C3  1647931548
10973             C3  1647931549
10984             C3  1647931551"
70,9031005920505647,"<StringArray>
['55700000065081782', '55700000065079769', <NA>, '55700000064972001']
Length: 4, dtype: string","['14', '18', '2']","[0, 0, 1]","['B5', 'A6']","      assigned_berth   timestamp
10765             B5  1647931530
10777             B5  1647931531
10789             B5  1647931532
10801             B5  1647931533
10813             B5  1647931533
...              ...         ...
22308             A6  1647934027
22316             A6  1647934028
22324             A6  1647934029
22332             A6  1647934030
22340             A6  1647934032

[290 rows x 2 columns]"
71,9031005918308614,"<StringArray>
[<NA>, '55700000063231348']
Length: 2, dtype: string",['39'],[1],['C1'],"      assigned_berth   timestamp
11367             C2  1647931588
11378             C2  1647931589
11389             C2  1647931589
11400             C2  1647931590
11411             C2  1647931591
...              ...         ...
19312             C1  1647933601
19325             C1  1647933602
19337             C1  1647933603
19349             C1  1647933604
19361             C1  1647933605

[375 rows x 2 columns]"
72,9031005920505663,"<StringArray>
['55700000063351434', <NA>, '55700000065074436']
Length: 3, dtype: string","['1', '20']","[1, 1]","['A2', 'D1']","      assigned_berth   timestamp
12067             A4  1647931648
12076             A4  1647931649
12085             A4  1647931650
12094             A4  1647931650
12104             A4  1647931652
12114             A4  1647931653
12123             A4  1647931653
12132             A4  1647931654
12140             A4  1647931655
12148             A4  1647931656
12156             A4  1647931658
12164             A4  1647931659
12172             A4  1647931659
12181             A4  1647931661
12190             A4  1647931661
12199             A4  1647931662
12209             A4  1647931663
12219             A4  1647931664
12229             A4  1647931665
12237             A4  1647931666
14724             D1  1647931938
14736             D1  1647931938
14748             D1  1647931940
14760             D1  1647931941
14772             D1  1647931942
14784             D1  1647931943
14796             D1  1647931944
14807             D1  1647931945
14818             D1  1647931946
14829             D1  1647931947
14840             D1  1647931948
14851             D1  1647931948
14862             D1  1647931950
14873             D1  1647931951
14884             D1  1647931952
14895             D1  1647931953
14906             D1  1647931954
14917             D1  1647931955
14928             D1  1647931956
14939             D1  1647931956
14950             D1  1647931957
14961             D1  1647931958
14972             D1  1647931960
14983             D1  1647931961
14994             D1  1647931962
15004             D1  1647931963
15014             D1  1647931964
15025             D1  1647931965
15036             D1  1647931966
15047             D1  1647931966
15058             D1  1647931967"
73,9031005920505505,"<StringArray>
['55700000064499423']
Length: 1, dtype: string",['16'],[1],['C4'],"      assigned_berth   timestamp
12315             C4  1647931677
12324             C4  1647931678
12332             C4  1647931679
12340             C4  1647931681
12348             C4  1647931683
...              ...         ...
13616             C4  1647931811
13625             C4  1647931812
13633             C4  1647931813
13642             C4  1647931814
13651             C4  1647931815

[128 rows x 2 columns]"
74,9031005917108411,"<StringArray>
['55700000063167351', <NA>]
Length: 2, dtype: string",['522'],[0],['C3'],"      assigned_berth   timestamp
11874             C4  1647931629
11888             C4  1647931630
11902             C4  1647931630
11916             C4  1647931632
11931             C4  1647931632
11944             C4  1647931633
11955             C4  1647931634
11965             C4  1647931636
11974             C4  1647931637
11983             C4  1647931638
11991             C4  1647931639
11998             C4  1647931640
12005             C4  1647931641
12012             C4  1647931642
12019             C4  1647931642
12027             C4  1647931643
12035             C4  1647931645
12043             C4  1647931646
12051             C4  1647931647
12059             C4  1647931648"
75,9031005920505674,"<StringArray>
['55700000065008740', '55700000064499493']
Length: 2, dtype: string","['16', '16']","[0, 1]","['C5', 'C4']","      assigned_berth   timestamp
12303             C5  1647931676
12310             C5  1647931677
12318             C5  1647931679
12326             C5  1647931680
12334             C5  1647931682
...              ...         ...
23885             C4  1647934194
23894             C4  1647934195
23903             C4  1647934195
23911             C4  1647934197
23919             C4  1647934198

[226 rows x 2 columns]"
76,9031005920505740,"<StringArray>
['55700000063309898', <NA>]
Length: 2, dtype: string",['10'],[0],['B1'],"      assigned_berth   timestamp
12319             B5  1647931679
12327             B5  1647931680
12335             B5  1647931682
12343             B5  1647931683
12351             B5  1647931683
...              ...         ...
15357             B5  1647932000
15367             B5  1647932000
15377             B5  1647932002
15387             B5  1647932002
15397             B5  1647932003

[314 rows x 2 columns]"
77,9031005918308822,"<StringArray>
['55700000063252237', <NA>]
Length: 2, dtype: string",['30'],[0],['C1'],"      assigned_berth   timestamp
12692             C2  1647931718
12707             C2  1647931718
12722             C2  1647931719
12737             C2  1647931720
12752             C2  1647931721
12767             C2  1647931722
12782             C2  1647931723
12797             C2  1647931724
12812             C2  1647931725
12826             C2  1647931725
12840             C2  1647931726
12854             C2  1647931728
12870             C2  1647931729
12886             C2  1647931730
12902             C2  1647931731
12919             C2  1647931732
12934             C2  1647931733
12948             C2  1647931733
12962             C2  1647931734
12976             C2  1647931736
12989             C2  1647931738
13001             C2  1647931739
13013             C2  1647931740
13024             C2  1647931741
13034             C2  1647931741
13044             C2  1647931741"
78,9031005920505664,"<StringArray>
['55700000063343897', '55700000064971941', '55700000065109169',
 '55700000064972021']
Length: 4, dtype: string","['3', '2', '2', '2']","[0, 1, 0, 1]","['A5', 'A6']","      assigned_berth   timestamp
12683             A6  1647931716
12698             A6  1647931717
12713             A6  1647931717
12727             A6  1647931718
12742             A6  1647931719
...              ...         ...
24675             A6  1647934723
24684             A6  1647934724
24693             A6  1647934726
24702             A6  1647934727
24711             A6  1647934728

[109 rows x 2 columns]"
79,9031005918308621,"<StringArray>
['55700000065163954', <NA>]
Length: 2, dtype: string",['39'],[0],['C1'],"      assigned_berth   timestamp
13618             C5  1647931813
13626             C5  1647931814
13635             C5  1647931815
13644             C5  1647931816
13653             C5  1647931817
13661             C5  1647931818
13668             C5  1647931819
13675             C5  1647931819
13682             C5  1647931822
13690             C5  1647931823
13698             C5  1647931823
13706             C5  1647931824
13714             C5  1647931825
13723             C5  1647931826
13732             C5  1647931827
13740             C5  1647931828
13748             C5  1647931829
13756             C5  1647931830
13762             C5  1647931832
13769             C5  1647931833
13776             C5  1647931833
13783             C5  1647931834
13791             C5  1647931835"
80,9031005920505665,"<StringArray>
['55700000065015817']
Length: 1, dtype: string",['13'],[0],['B4'],"      assigned_berth   timestamp
13634             B4  1647931814
13643             B4  1647931815
13652             B4  1647931816
13660             B4  1647931817
13667             B4  1647931818
...              ...         ...
14737             B4  1647931938
14749             B4  1647931939
14761             B4  1647931941
14773             B4  1647931942
14785             B4  1647931943

[130 rows x 2 columns]"
81,9031005918308626,"<StringArray>
['55700000065163998', <NA>]
Length: 2, dtype: string",['39'],[0],['C1'],"      assigned_berth   timestamp
13763             C4  1647931833
13770             C4  1647931833
13777             C4  1647931834
13784             C4  1647931835
13792             C4  1647931836
13799             C4  1647931837
13806             C4  1647931838
13813             C4  1647931839
13820             C4  1647931840
13827             C4  1647931841
13834             C4  1647931842
13841             C4  1647931843
13849             C4  1647931845
13857             C4  1647931846
13865             C4  1647931847
13874             C4  1647931847
13883             C4  1647931848
13893             C4  1647931849
13903             C4  1647931850
13914             C4  1647931851
13925             C4  1647931852
13936             C4  1647931853
13946             C4  1647931855
13956             C4  1647931856
13966             C4  1647931856
13976             C4  1647931857
13986             C4  1647931858
13996             C4  1647931859
14006             C4  1647931860
14016             C4  1647931861
14027             C4  1647931862
14038             C4  1647931863
14050             C4  1647931865
14062             C4  1647931865
14074             C4  1647931866"
82,9031005920505509,"<StringArray>
['55700000065096727', '55700000064403303']
Length: 2, dtype: string","['5', '5']","[0, 1]","['A4', 'B3']","      assigned_berth   timestamp
13785             A4  1647931834
13793             A4  1647931835
13800             A4  1647931836
13807             A4  1647931837
13814             A4  1647931838
...              ...         ...
24465             B3  1647934685
24469             B3  1647934685
24473             B3  1647934686
24477             B3  1647934688
24481             B3  1647934688

[265 rows x 2 columns]"
83,9031005920505651,"<StringArray>
['55700000065110086', '55700000064428116']
Length: 2, dtype: string","['1', '1']","[0, 1]","['A3', 'A2']","      assigned_berth   timestamp
13866             A3  1647931846
13875             A3  1647931846
13884             A3  1647931847
13894             A3  1647931848
13904             A3  1647931849
...              ...         ...
23884             A2  1647934194
23893             A2  1647934195
23902             A2  1647934195
23910             A2  1647934196
23918             A2  1647934197

[193 rows x 2 columns]"
84,9031005920505749,"<StringArray>
['55700000063308505']
Length: 1, dtype: string",['10'],[1],['E2'],"      assigned_berth   timestamp
13913             E2  1647931850
13924             E2  1647931851
13935             E2  1647931852
13945             E2  1647931853
13955             E2  1647931854
...              ...         ...
15352             E2  1647931999
15362             E2  1647931999
15372             E2  1647932001
15382             E2  1647932001
15392             E2  1647932002

[154 rows x 2 columns]"
85,9031005920505753,"<StringArray>
['55700000063666664', '55700000064428087']
Length: 2, dtype: string","['6', '1']","[0, 1]","['E1', 'A2']","      assigned_berth   timestamp
14325             B6  1647931893
14334             B6  1647931894
14344             B6  1647931896
14354             B6  1647931896
14364             B6  1647931898
...              ...         ...
19270             A2  1647933596
19283             A2  1647933596
19296             A2  1647933597
19309             A2  1647933599
19322             A2  1647933600

[265 rows x 2 columns]"
86,9031005920505682,"<StringArray>
['55700000065109089', '55700000064969784']
Length: 2, dtype: string","['2', '4']","[0, 1]",['A6'],"      assigned_berth   timestamp
14618             A6  1647931929
14626             A6  1647931929
14635             A6  1647931930
14646             A6  1647931931
14657             A6  1647931932
...              ...         ...
15355             A6  1647931999
15365             A6  1647931999
15375             A6  1647932002
15385             A6  1647932002
15395             A6  1647932003

[76 rows x 2 columns]"
87,9031005918308629,"<StringArray>
['55700000063261180']
Length: 1, dtype: string",['240'],[1],['B6'],"      assigned_berth   timestamp
14634             C3  1647931931
14645             C3  1647931932
14656             C3  1647931933
14666             C3  1647931934
14676             C3  1647931935
14686             C3  1647931936
14696             C3  1647931938
14706             C3  1647931939
14718             C3  1647931940
14730             C3  1647931940
14742             C3  1647931941
14754             C3  1647931942
14766             C3  1647931943
14778             C3  1647931944
14790             C3  1647931945
14801             C3  1647931946
14812             C3  1647931948
14823             C3  1647931949
14834             C3  1647931950
14845             C3  1647931950
14856             C3  1647931951
14867             C3  1647931952
14878             C3  1647931953
14889             C3  1647931954
14900             C3  1647931955
14911             C3  1647931957
14922             C3  1647931958
14933             C3  1647931958
14944             C3  1647931959
14955             C3  1647931960
14966             C3  1647931961
14977             C3  1647931962
14988             C3  1647931963
14998             C3  1647931964
15008             C3  1647931965
15018             C3  1647931967
15029             C3  1647931968
15040             C3  1647931968
15051             C3  1647931969
15062             C3  1647931970
15072             C3  1647931971
15082             C3  1647931972
15092             C3  1647931973
15102             C3  1647931974
15113             C3  1647931975
15124             C3  1647931976"
88,9031005920505742,"<StringArray>
['55700000063307341']
Length: 1, dtype: string",['10'],[1],['E2'],"      assigned_berth   timestamp
14852             A1  1647931950
14863             A1  1647931951
14874             A1  1647931952
14885             A1  1647931953
14896             A1  1647931954
14907             A1  1647931955
14918             A1  1647931956
14929             A1  1647931956
14940             A1  1647931957
14951             A1  1647931959
14962             A1  1647931960
14973             A1  1647931961
14984             A1  1647931962
14995             A1  1647931963
15005             A1  1647931964
15015             A1  1647931965
15026             A1  1647931966
15037             A1  1647931966
15048             A1  1647931968
15059             A1  1647931969
15069             A1  1647931970
15079             A1  1647931971
15089             A1  1647931972
15099             A1  1647931973
15109             A1  1647931974
15120             A1  1647931975
15131             A1  1647931976
15141             A1  1647931976
15151             A1  1647931979
15161             A1  1647931979
15171             A1  1647931980
15181             A1  1647931981
15191             A1  1647931982
15201             A1  1647931983
15211             A1  1647931984
15220             A1  1647931985
15229             A1  1647931986
15238             A1  1647931987
15247             A1  1647931988
15256             A1  1647931988
15265             A1  1647931990
15274             A1  1647931991
15283             A1  1647931992
15292             A1  1647931993
15301             A1  1647931994
15311             A1  1647931995
15322             A1  1647931996
15331             A1  1647931997
15341             A1  1647931997
15351             A1  1647931999
15361             A1  1647931999
15371             A1  1647932002
15381             A1  1647932002
15391             A1  1647932003"
89,9031005920505661,"<StringArray>
['55700000065085439', '55700000065015913']
Length: 2, dtype: string","['13', '13']","[1, 0]","['B2', 'B4']","      assigned_berth   timestamp
14764             B2  1647931942
14776             B2  1647931943
14788             B2  1647931944
14799             B2  1647931945
14810             B2  1647931946
...              ...         ...
24404             E2  1647934673
24410             E2  1647934673
24416             E2  1647934674
24422             E2  1647934674
24428             E2  1647934676

[67 rows x 2 columns]"
90,9031005917108852,"<StringArray>
['55700000063131425', <NA>]
Length: 2, dtype: string",['617'],[0],['C2'],"      assigned_berth   timestamp
15022             C5  1647931965
15033             C5  1647931966
15044             C5  1647931966
15055             C5  1647931967
15066             C5  1647931968
15076             C5  1647931970
15086             C5  1647931971
15096             C5  1647931972
15106             C5  1647931973
15117             C5  1647931974
15128             C5  1647931975
15138             C5  1647931976
15148             C5  1647931976
15158             C5  1647931978
15168             C5  1647931978
15178             C5  1647931980
15188             C5  1647931981
15198             C5  1647931982
15208             C5  1647931983
15218             C5  1647931984
15227             C5  1647931985
15236             C5  1647931986
15245             C5  1647931987
15254             C5  1647931988
15263             C5  1647931988
15272             C5  1647931989
15281             C5  1647931991
15290             C5  1647931992
15299             C5  1647931993
15309             C5  1647931994
15320             C5  1647931995
15329             C5  1647931996
15338             C5  1647931997
15348             C5  1647931997
15358             C5  1647931999
15368             C5  1647931999
15378             C5  1647932001
15388             C5  1647932001
15398             C5  1647932003"
91,9031005920505515,"<StringArray>
['55700000064403167', '55700000065100988']
Length: 2, dtype: string","['5', '5']","[1, 0]","['B3', 'A4']","      assigned_berth   timestamp
24593             A4  1647934711
24600             A4  1647934711
24608             A4  1647934712
24616             A4  1647934713
24624             A4  1647934714
24632             A4  1647934716
24640             A4  1647934717
24648             A4  1647934718
24656             A4  1647934721
24663             A4  1647934723
24671             A4  1647934724
24680             A4  1647934725
24689             A4  1647934727
24698             A4  1647934728
24707             A4  1647934730"
92,9031005920505697,"<StringArray>
['55700000063343921', '55700000065090090']
Length: 2, dtype: string","['3', '12']","[0, 1]","['A5', 'B6']","      assigned_berth   timestamp
15339             B6  1647931997
15349             B6  1647931997
15359             B6  1647931999
15369             B6  1647931999
15379             B6  1647932001
15389             B6  1647932001
15399             B6  1647932003"
93,9031005920505683,"<StringArray>
[<NA>, '55700000064971981']
Length: 2, dtype: string",['2'],[1],['A6'],"      assigned_berth   timestamp
15402             C3  1647933026
15406             C3  1647933026
15410             C3  1647933026
15414             C3  1647933026
15418             C3  1647933026
...              ...         ...
16314             A6  1647933276
16320             A6  1647933277
16326             A6  1647933280
16332             A6  1647933282
16339             A6  1647933284

[71 rows x 2 columns]"
94,9031005920505752,"<StringArray>
['55700000063666687', <NA>, '55700000063663620']
Length: 3, dtype: string","['6', '6']","[0, 1]",['E1'],"      assigned_berth   timestamp
15403             A1  1647933074
15407             A1  1647933074
15411             A1  1647933075
15415             A1  1647933076
15419             A1  1647933077
...              ...         ...
20896             E2  1647933777
20904             E2  1647933778
20911             E2  1647933779
20918             E2  1647933780
20925             E2  1647933781

[673 rows x 2 columns]"
95,9031005920505759,"<StringArray>
['55700000063308541']
Length: 1, dtype: string",['10'],[1],['E2'],"      assigned_berth   timestamp
15404             E1  1647933074
15408             E1  1647933074
15412             E1  1647933075
15416             E1  1647933076
15420             E1  1647933077
15424             E1  1647933078
15429             E1  1647933079
15434             E1  1647933080
15440             E1  1647933082
15446             E1  1647933083
15452             E1  1647933084
15459             E1  1647933085
15466             E1  1647933086
15473             E1  1647933086
15480             E1  1647933088
15488             E1  1647933088
15496             E1  1647933089
15504             E1  1647933090
15600             E2  1647933103
15609             E2  1647933105
15617             E2  1647933106
15626             E2  1647933107
15635             E2  1647933107
15645             E2  1647933108
15654             E2  1647933109
15662             E2  1647933110
15671             E2  1647933111
15681             E2  1647933112"
96,9031005920505671,"<StringArray>
['55700000065090114']
Length: 1, dtype: string",['12'],[1],['B6'],"Empty DataFrame
Columns: [assigned_berth, timestamp]
Index: []"
97,9031005920505500,"<StringArray>
['55700000065008775']
Length: 1, dtype: string",['16'],[0],['C5'],"Empty DataFrame
Columns: [assigned_berth, timestamp]
Index: []"
98,9031005920703856,"<StringArray>
['55700000065073876']
Length: 1, dtype: string",['241'],[1],['D1'],"      assigned_berth   timestamp
15481             C1  1647933088
15489             C1  1647933088
15497             C1  1647933089
15505             C1  1647933090
15512             C1  1647933091
15519             C1  1647933092
15526             C1  1647933093"
99,9031005920703853,"<StringArray>
[<NA>]
Length: 1, dtype: string",[],[],[],"Empty DataFrame
Columns: [assigned_berth, timestamp]
Index: []"
100,9031005918308744,"<StringArray>
['55700000065043448']
Length: 1, dtype: string",['543'],[1],['C1'],"Empty DataFrame
Columns: [assigned_berth, timestamp]
Index: []"
101,9031005918308622,"<StringArray>
['55700000063170819', <NA>]
Length: 2, dtype: string",['521'],[0],['C3'],"      assigned_berth   timestamp
17138             C2  1647933391
17148             C2  1647933391
17158             C2  1647933392
17167             C2  1647933393
17176             C2  1647933394
17185             C2  1647933395
17194             C2  1647933396
17204             C2  1647933397
17214             C2  1647933398
17224             C2  1647933398
17234             C2  1647933401
17244             C2  1647933401
17254             C2  1647933402
17264             C2  1647933403
17274             C2  1647933404
17284             C2  1647933405
17294             C2  1647933406
17304             C2  1647933407
17314             C2  1647933408
17324             C2  1647933409
17334             C2  1647933410
17344             C2  1647933412
17353             C2  1647933412
17363             C2  1647933412
17373             C2  1647933415
17383             C2  1647933415
17393             C2  1647933416
17403             C2  1647933417
17413             C2  1647933418
17424             C2  1647933419
17435             C2  1647933420"
102,9031005918308630,"<StringArray>
['55700000063251588', <NA>, '55700000063251078']
Length: 3, dtype: string","['30', '30']","[0, 1]",['C1'],"      assigned_berth   timestamp
17050             B6  1647933380
17058             B6  1647933380
17066             B6  1647933381
17074             B6  1647933382
17082             B6  1647933383
17090             B6  1647933384
17098             B6  1647933385
17106             B6  1647933386
17114             B6  1647933388
17123             B6  1647933389
17132             B6  1647933390
17142             B6  1647933390
17152             B6  1647933391
17162             B6  1647933392
17171             B6  1647933393
17180             B6  1647933394
17189             B6  1647933395
17198             B6  1647933396
17208             B6  1647933397
17218             B6  1647933397
17228             B6  1647933400
17238             B6  1647933400
17248             B6  1647933400
17258             B6  1647933402
17268             B6  1647933403
17278             B6  1647933404
17288             B6  1647933405
17298             B6  1647933406
17308             B6  1647933407
17318             B6  1647933408
17328             B6  1647933409
17338             B6  1647933411
17693             B1  1647933444
17706             B1  1647933445
17719             B1  1647933446
17731             B1  1647933447
17742             B1  1647933448
17753             B1  1647933448
17764             B1  1647933451
17773             B1  1647933451"
103,9031005918308732,"<StringArray>
[<NA>, '55700000063168597']
Length: 2, dtype: string",['521'],[1],['C3'],"      assigned_berth   timestamp
18683             C3  1647933545
18695             C3  1647933545
18795             C3  1647933555
18807             C3  1647933555
18819             C3  1647933556
...              ...         ...
19485             C3  1647933616
19494             C3  1647933616
19503             C3  1647933617
19512             C3  1647933620
19521             C3  1647933620

[61 rows x 2 columns]"
104,9031005920505513,"<StringArray>
['55700000065096832']
Length: 1, dtype: string",['5'],[0],['A4'],"      assigned_berth   timestamp
17909             A4  1647933467
17919             A4  1647933468
17929             A4  1647933468
17939             A4  1647933469
17949             A4  1647933471
...              ...         ...
20900             B1  1647933776
20907             B1  1647933777
20914             B1  1647933778
20921             B1  1647933779
20928             B1  1647933780

[291 rows x 2 columns]"
105,9031005920505686,"<StringArray>
['55700000064497816', '55700000063338211']
Length: 2, dtype: string","['17', '3']","[0, 1]","['C5', 'A5']","      assigned_berth   timestamp
18577             A5  1647933535
18588             A5  1647933535
18599             A5  1647933536
18610             A5  1647933537
18621             A5  1647933538
...              ...         ...
20905             A5  1647933778
20912             A5  1647933779
20919             A5  1647933780
20926             A5  1647933781
20932             A5  1647933782

[246 rows x 2 columns]"
106,9031005918308826,"<StringArray>
['55700000065164101', <NA>]
Length: 2, dtype: string",['39'],[0],['C1'],"      assigned_berth   timestamp
19164             C2  1647933589
19178             C2  1647933590
19192             C2  1647933590
19206             C2  1647933591
19219             C2  1647933592
19232             C2  1647933593
19245             C2  1647933594
19258             C2  1647933595
19271             C2  1647933596
19284             C2  1647933596
19297             C2  1647933598
19310             C2  1647933600
19323             C2  1647933601
19335             C2  1647933602
19347             C2  1647933603
19359             C2  1647933604
19371             C2  1647933606
19382             C2  1647933607
19393             C2  1647933608
19403             C2  1647933608
19413             C2  1647933609
19423             C2  1647933610
19433             C2  1647933611
19443             C2  1647933612
19453             C2  1647933613
19463             C2  1647933614
19473             C2  1647933614
19483             C2  1647933617
19492             C2  1647933617
19501             C2  1647933618
19510             C2  1647933620
19519             C2  1647933620
19528             C2  1647933621
19536             C2  1647933622
19544             C2  1647933623
19552             C2  1647933624
19560             C2  1647933625
19568             C2  1647933626
19576             C2  1647933628
19584             C2  1647933629
19592             C2  1647933630
19600             C2  1647933630
19608             C2  1647933631
19616             C2  1647933632
19624             C2  1647933633
19632             C2  1647933634
19640             C2  1647933635
19648             C2  1647933636
19656             C2  1647933638
19664             C2  1647933639
19672             C2  1647933640
19681             C2  1647933641"
107,9031005918308725,"<StringArray>
['55700000065163975', <NA>, '55700000063173880']
Length: 3, dtype: string","['39', '513']","[0, 1]","['C1', 'C4']","      assigned_berth   timestamp
19914             B6  1647933664
19927             B6  1647933665
19940             B6  1647933666
19954             B6  1647933668
19968             B6  1647933669
19982             B6  1647933670
19996             B6  1647933671
20010             B6  1647933672
20024             B6  1647933672
20038             B6  1647933674
20052             B6  1647933675
20066             B6  1647933676
20080             B6  1647933676
20094             B6  1647933677"
108,9031005920703443,"<StringArray>
['55700000065040998', <NA>]
Length: 2, dtype: string",['617'],[0],['C2'],"      assigned_berth   timestamp
19945             C2  1647933667
19959             C2  1647933668
19973             C2  1647933669
19987             C2  1647933670
20001             C2  1647933671
20015             C2  1647933671
20029             C2  1647933673
20043             C2  1647933675
20057             C2  1647933676
20071             C2  1647933676
20085             C2  1647933677
20100             C2  1647933678
20114             C2  1647933679
20127             C2  1647933680
20140             C2  1647933681
20153             C2  1647933681"
109,9031005920505733,"<StringArray>
[<NA>, '55700000063278936']
Length: 2, dtype: string",['15'],[1],['A1'],"      assigned_berth   timestamp
21187             A1  1647933830
21195             A1  1647933830
21202             A1  1647933831
21209             A1  1647933832
21216             A1  1647933833
...              ...         ...
21705             A1  1647933899
21711             A1  1647933899
21717             A1  1647933901
21721             A1  1647933901
21726             A1  1647933902

[74 rows x 2 columns]"
110,9031005920703867,"<StringArray>
['55700000065046815', <NA>]
Length: 2, dtype: string",['530'],[0],['C1'],"      assigned_berth   timestamp
21724             C5  1647933902
21729             C5  1647933903
21733             C5  1647933904
21737             C5  1647933905
21741             C5  1647933906
21745             C5  1647933907
21749             C5  1647933909
21753             C5  1647933910
21758             C5  1647933910
21763             C5  1647933912
21768             C5  1647933912
21773             C5  1647933913
21778             C5  1647933914
21784             C5  1647933915
21790             C5  1647933916
21795             C5  1647933917
21800             C5  1647933918
21806             C5  1647933919
21812             C5  1647933921
21818             C5  1647933921
21824             C5  1647933923
21829             C5  1647933923
21834             C5  1647933924
21840             C5  1647933925
21845             C5  1647933926
21851             C5  1647933927
21857             C5  1647933930
21862             C5  1647933931"
111,9031005918308823,"<StringArray>
[<NA>]
Length: 1, dtype: string",[],[],[],"      assigned_berth   timestamp
22002             C3  1647933977
22007             C3  1647933978
22013             C3  1647933979
22019             C3  1647933981
22025             C3  1647933983
22031             C3  1647933985
22037             C3  1647933985
22043             C3  1647933986
22049             C3  1647933987
22055             C3  1647933988
22061             C3  1647933989
22067             C3  1647933990
22073             C3  1647933992
22079             C3  1647933993
22086             C3  1647933996
22093             C3  1647933997
22100             C3  1647933998
22108             C3  1647934000
22116             C3  1647934001
22124             C3  1647934002
22131             C3  1647934003
22138             C3  1647934004
22145             C3  1647934004
22153             C3  1647934005
22161             C3  1647934006
22169             C3  1647934007
22176             C3  1647934008
22183             C3  1647934009
22190             C3  1647934010
22197             C3  1647934010
22204             C3  1647934012
22211             C3  1647934014
22219             C3  1647934015
22227             C3  1647934015
22235             C3  1647934016
22243             C3  1647934017
22251             C3  1647934018"
112,9031005917108324,"<StringArray>
[<NA>]
Length: 1, dtype: string",[],[],[],"Empty DataFrame
Columns: [assigned_berth, timestamp]
Index: []"
113,9031005920505514,"<StringArray>
['55700000064426695']
Length: 1, dtype: string",['1'],[1],['A2'],"      assigned_berth   timestamp
23975             A2  1647934601
23982             A2  1647934601
23989             A2  1647934602
23996             A2  1647934603
24002             A2  1647934604
...              ...         ...
24670             A2  1647934723
24679             A2  1647934724
24688             A2  1647934726
24697             A2  1647934727
24706             A2  1647934728

[121 rows x 2 columns]"
114,9031005920505685,"<StringArray>
['55700000064497844', '55700000063338253']
Length: 2, dtype: string","['17', '3']","[0, 1]","['C5', 'A5']","      assigned_berth   timestamp
24490             A5  1647934691
24496             A5  1647934692
24502             A5  1647934693
24508             A5  1647934694
24513             A5  1647934695"
